classifier,accuracy,precision,recall,f1_score
linear_svc,0.8005529316898975,0.8326826323203864,0.8213434969032872,0.8269741970299602
random_forest,0.815343854394655,0.8121569055149598,0.8869302842623471,0.8478982825695037
naive_bayes,0.8177859693583689,0.845538535375755,0.8393282515483563,0.8424219481580364
logistic_regression,0.8221863840571363,0.8383036405886909,0.8593377798951882,0.8486904015056461
